ISO code,Country,Variable code,Variable name,1950,1951,1952,1953,1954,1955,1956,1957,1958,1959,1960,1961,1962,1963,1964,1965,1966,1967,1968,1969,1970,1971,1972,1973,1974,1975,1976,1977,1978,1979,1980,1981,1982,1983,1984,1985,1986,1987,1988,1989,1990,1991,1992,1993,1994,1995,1996,1997,1998,1999,2000,2001,2002,2003,2004,2005,2006,2007,2008,2009,2010,2011,2012,2013,2014,2015,2016,2017,2018,2019
AUT,Austria,pop,Population (in millions),6.98075136783072,6.98110463017192,6.97337509655404,6.97811725950391,6.98589383077048,6.99261397484549,6.99812409940667,7.01171366009488,7.03335337837369,7.0605037011897,7.09382795538466,7.13294551998498,7.17679756791904,7.22304661603243,7.27135284131212,7.31875047201042,7.37026437694537,7.42555809293601,7.46421584052155,7.49003662979796,7.516239,7.55034,7.581117,7.607065,7.62629,7.637689,7.640749,7.636576,7.627759,7.617884,7.609752,7.604513,7.602181,7.603102,7.607293,7.614868,7.625393,7.639352,7.65884,7.686572,7.723949,7.772701,7.830933,7.892086,7.947209,7.990121,8.017863,8.032876,8.04105,8.051113,8.069276,8.097748,8.134412,8.175852,8.216805,8.25365,8.285343,8.313737,8.341532,8.372663,8.409949,8.453501,8.502227,8.556189,8.615214,8.67866,8.747301,8.819901,8.891388,8.955102
AUT,Austria,rgdpe,Expenditure-side real GDP at chained PPPs (in mil. 2017US$),40357.2890625,41846.48046875,43857.6484375,46026.796875,49078.171875,53920.0390625,58295.65625,61308.078125,64191.60546875,66691.546875,71715.84375,75887.78125,78181,81741.1171875,85801.515625,88744.0390625,93206.4375,96198.3359375,100632.609375,105549.25,111881.2421875,117554.25,125129.015625,132343.171875,135241.546875,136149.09375,140292.921875,146131.71875,146276.59375,152109.84375,152980.46875,151429.25,152637.453125,156059.296875,155888.796875,158950.5,166557.203125,173385.21875,183558.125,195007.90625,208007.234375,220418.28125,229276.84375,234339.578125,246585.96875,259853.65625,266383.875,278759.71875,295161.6875,304416.21875,314579.6875,308449.03125,313331.15625,318809.15625,330761.75,343994.09375,361593.875,376780.21875,387194.71875,382414.0625,392208.28125,411183.78125,421391.21875,423862.15625,429092.78125,448794.71875,466582.8125,480926.90625,492542.71875,498022.25
AUT,Austria,rgdpo,Output-side real GDP at chained PPPs (in mil. 2017US$),41605.02734375,43706.10546875,44922.38671875,47309.0625,50657.71875,55541.88671875,59629.859375,62760.4375,65324.33984375,67548.265625,72448.734375,76432.4921875,78591.6875,81837.1953125,85747.6015625,88459.3984375,92929.5859375,95787.140625,99937.0390625,104938.34375,111568.6328125,117567.71875,124571.890625,130781.703125,135338.328125,136221.3125,139693.34375,145573.96875,145074.265625,151004.609375,152806.375,152377.875,153064.78125,156258.765625,155366.9375,158705.046875,166262.3125,173161.453125,184286.40625,194189.265625,205574.15625,214933.046875,223888.765625,228787.203125,240059.078125,250433.9375,256307.3125,269415.34375,280194.75,290596.125,306927.5625,299963.125,306288.46875,313908.28125,326475.03125,357373.03125,364390.5,376847.21875,390540.625,373127.28125,385229.0625,402328.375,409657.375,404381.125,423224.03125,430623.875,436191.0625,458231.59375,470960.75,477705.5
BEL,Belgium,pop,Population (in millions),8.6343310225168,8.67332499381653,8.72531377848887,8.77275428316897,8.81423684605707,8.86330337036558,8.91864141234989,8.98386900865093,9.04742769500511,9.09842047117119,9.11338252048344,9.16045512154306,9.21302435519177,9.27768675240744,9.36153732498011,9.44259049567157,9.50225569422854,9.5509276276073,9.58420765537109,9.607094882415,9.63218,9.663324,9.692846,9.720761,9.74702,9.771586,9.794777,9.816696,9.836814,9.854377,9.868995,9.880592,9.889824,9.89788,9.906371,9.916578,9.928542,9.942289,9.95902,9.980176,10.006544,10.039445,10.078101,10.118674,10.155919,10.186305,10.208275,10.223789,10.237299,10.25516,10.282033,10.319019,10.364885,10.419032,10.480117,10.546886,10.619475,10.697572,10.778758,10.85994,10.938739,11.013853,11.085358,11.154009,11.221231,11.28794,11.35442,11.419748,11.482178,11.539328
BEL,Belgium,rgdpe,Expenditure-side real GDP at chained PPPs (in mil. 2017US$),75285.921875,80468.1484375,82140.6640625,82216.6640625,85718.1015625,91011.1484375,95059.8515625,95819.3828125,95461.3203125,96738.421875,102919.1796875,107518.2421875,113236.9765625,117017.28125,125598.6640625,130886.4765625,135008.984375,140139.34375,145929,156273.375,165948.40625,171450.3125,182810.140625,196870.640625,203615.0625,199590.859375,212703.640625,217205.6875,225729.5625,233885.390625,243294.28125,227759.59375,220415.53125,213840.453125,214285.140625,212411.203125,223275.234375,231404.734375,248818.640625,261833.265625,272013.5625,277534.53125,286644.125,287547.59375,298298,307887.6875,309153.0625,328544.3125,341227.5,356183.625,378521.625,380844.09375,386985.6875,387888.96875,398061,413649.21875,430283.46875,449795.90625,460274.53125,458331.59375,488960.96875,494871.0625,500611.46875,501871.71875,508746.40625,531206.875,549813.1875,568297.125,575549.9375,589449.125
BEL,Belgium,rgdpo,Output-side real GDP at chained PPPs (in mil. 2017US$),72084.2734375,75056.8125,76747.5234375,79178.1015625,82787.7734375,86486.8671875,88979.7578125,90509.5546875,89428.765625,92119.1953125,96857.734375,102098.84375,107618.0390625,111842.3984375,119508.0390625,123734.796875,127105.4296875,131961.8125,137579.8125,146061.609375,154585.03125,160690.09375,170488,182405.046875,190767.734375,189073.03125,201472.625,204631.046875,212704.25,219504.09375,234949.078125,224090.484375,216932.828125,210577,210094.296875,199750.515625,214298.953125,226405.9375,244142.4375,249963.359375,261314.03125,265296.375,275201.0625,276938.21875,284110.46875,296016.78125,295071.71875,308663.96875,310652.96875,325198.25,346908.875,348797.75,358492.6875,374266.28125,383970.3125,429270.65625,417205.4375,430014.65625,467485.40625,451867,489332.59375,487755.40625,491813.125,490563.46875,493290.53125,484155.03125,492930.46875,515603.875,507573.0625,517419.75
CYP,Cyprus,pop,Population (in millions),0.493210678774414,0.501197882872897,0.507188338017493,0.514177123006976,0.522164356860164,0.529153141849647,0.535143596994243,0.545127609556023,0.557108460335805,0.566094024033881,0.572084479178476,0.577775363958315,0.575079647241365,0.581369613241309,0.585562884234998,0.58985601201694,0.594049342520039,0.598442267580824,0.603334476582871,0.608426280142605,0.613618,0.620859,0.627998,0.635107,0.5205,0.5022,0.4979,0.4975,0.4996,0.5032,0.5086,0.515,0.5208,0.5276,0.5348,0.5411,0.5475,0.5535,0.5593,0.5675,0.5794,0.5949,0.6106,0.6258,0.639,0.6507,0.6609,0.6704,0.6789,0.6864,0.6936,0.7013,0.7096,0.717836,0.72798,0.73854,0.750965,0.767125,0.786632,0.808035,0.829446,0.850881,0.863945,0.86193,0.852504,0.8477,0.8516,0.854802,0.861749,0.868495
CYP,Cyprus,rgdpe,Expenditure-side real GDP at chained PPPs (in mil. 2017US$),1449.06079101563,1537.29455566406,1744.58801269531,1978.66967773438,2222.72998046875,2269.00708007813,2555.3466796875,2485.16943359375,2231.47436523438,2356.29711914063,2290.31396484375,2579.345703125,3034.39184570313,3077.63354492188,2687.00512695313,3429.05712890625,3660.00903320313,4028.54565429688,4187.908203125,4703.34716796875,4764.4365234375,5204.3896484375,5501.95703125,5448.720703125,4022.92236328125,3216.32836914063,4098.056640625,4986.513671875,5516.8798828125,6334.486328125,6755.24853515625,6844.984375,7420.8720703125,7736.14892578125,8687.1767578125,9025.8603515625,9403.4833984375,10203.1806640625,10983.888671875,12016.0869140625,12912.2578125,12834.5849609375,14198.9248046875,14063.28515625,15121.8662109375,16193.3212890625,16305.36328125,16645.923828125,17587.296875,18607.150390625,19743.375,20702.837890625,20892.32421875,21264.44140625,22709.40625,24390.591796875,26099.1328125,28847.38671875,30870.048828125,30597.498046875,31168.369140625,30818.748046875,30208.3515625,27338.408203125,26104.1015625,27367.923828125,30337.669921875,32195.4375,33295.43359375,33665.640625
CYP,Cyprus,rgdpo,Output-side real GDP at chained PPPs (in mil. 2017US$),1604.56127929688,1692.82666015625,1878.13903808594,2111.94506835938,2368.99926757813,2443.34814453125,2720.29858398438,2754.45263671875,2417.6416015625,2563.76440429688,2433.93823242188,2743.73315429688,3222.19189453125,3264.83862304688,2797.9990234375,3593.392578125,3760.99877929688,4185.642578125,4334.033203125,4938.69970703125,5112.89892578125,5608.34423828125,5884.63232421875,5829.18701171875,4476.6650390625,3559.13061523438,4481.74169921875,5646.85986328125,6278.3447265625,7219.2421875,7737.4853515625,7795.2470703125,8389.9423828125,8814.3212890625,9843.759765625,9665.7587890625,9842.912109375,10623.9482421875,11254.375,12552.970703125,13056.8603515625,12795.4384765625,13630.3564453125,13552.400390625,14301.05859375,15180.4462890625,15054.5791015625,15594.025390625,15481.4375,16683.53125,19120.970703125,19664.859375,19092.96484375,18078.2265625,18465.5390625,21364.994140625,22115.47265625,23687.322265625,25492.712890625,25696.646484375,26422.625,26344.57421875,27058.04296875,24262.265625,22666.705078125,23929.623046875,26193.916015625,26715.97265625,26906.84765625,28053.96875
DEU,Germany,pop,Population (in millions),68.734097311722,69.0738674780284,69.4488209455794,69.8468948682342,70.264068297279,70.6943098096432,71.1396298796838,71.6050546932927,72.0976209107191,72.6253704293902,73.1963451467334,73.8095398255702,74.4569125684734,75.1153429203393,75.7576894773504,76.3618370215815,76.9197436556052,77.4304041422431,77.883766109711,78.2687719490463,78.578385,78.789939,78.901818,78.932455,78.909807,78.856039,78.781733,78.687323,78.573586,78.438164,78.2831,78.107857,77.926011,77.770213,77.682295,77.691595,77.806147,78.015731,78.307525,78.660303,79.053984,79.490835,79.963159,80.428556,80.832937,81.138659,81.323664,81.399251,81.402673,81.389927,81.400882,81.453885,81.535122,81.61438,81.646474,81.602741,81.472226,81.27783,81.065752,80.899961,80.827002,80.855632,80.972628,81.174367,81.450378,81.787411,82.193768,82.658409,83.124418,83.517045
DEU,Germany,rgdpe,Expenditure-side real GDP at chained PPPs (in mil. 2017US$),352269.15625,386605.9375,427334.59375,466872.71875,506056.125,574925.5625,619402.75,655268.5625,684129.9375,742619.4375,815103,850361.375,885392.3125,904435.0625,972129.3125,1020605.25,1050863.25,1045258.0625,1105341.125,1192149.875,1271643.25,1318939,1384776.375,1455366.625,1457745.875,1466341.125,1542819.5,1600806.125,1669047.5,1735964,1736296.875,1676249.75,1643902.125,1651924.5,1662089.875,1672687.25,1788948.125,1856395.625,1955972.75,2055192.75,2204488.5,2341495.25,2434018.75,2448337.5,2548591.75,2633828.75,2666704.25,2772802.25,2898376,3013046.25,3030253,3063525.5,3037455.75,3049400.75,3112337.5,3139704,3276067.25,3436286.25,3500104.25,3354149.5,3531823.75,3695614.5,3725440.5,3710598.75,3812503.25,3915258.25,4039048.75,4237502.5,4275108.5,4308861.5
DEU,Germany,rgdpo,Output-side real GDP at chained PPPs (in mil. 2017US$),359301.8125,397637.375,434206.21875,471546.1875,512388.25,583818.125,629113.75,664996.8125,687191,745472.125,816785.8125,849921.375,881025.5,901191.375,968410.125,1017249.25,1045583.8125,1037976.5625,1098684,1181869.75,1239866.625,1278896.625,1340240.125,1414862.375,1438005.125,1437515.25,1515613.25,1572340.125,1626621.75,1701693.625,1725220,1689161.375,1650756.875,1650723.375,1666047.875,1668138.75,1800300,1879877.625,1979925.375,2064584.25,2221450.25,2344616.25,2428830,2454800,2551067,2642739.75,2678939.75,2767329.5,2862586,2978213,3035471.75,3076616,3065723,3140563.5,3231047.25,3391866.5,3470312,3665398.5,3750630.75,3498118,3672402,3861188.25,3830993.25,3839727.75,3973957.75,3931076.75,4048522.75,4236518.5,4263030.5,4275312
ESP,Spain,pop,Population (in millions),28.0689849732929,28.3040817940615,28.5559955006638,28.8103091666966,29.0666488716125,29.3250356007485,29.5854884316835,29.848016903207,30.1126477239294,30.379394248156,30.6477623665924,30.9105254923368,31.1647456782327,31.4365782850042,31.7476725492301,32.0913951967136,32.4589400170169,32.8573218359156,33.2464319514505,33.5732881113949,33.883749,34.267466,34.664234,35.069431,35.476423,35.879209,36.276752,36.666767,37.040396,37.38681,37.698196,37.971972,38.209693,38.413317,38.586708,38.733876,38.855626,38.954497,39.038692,39.118561,39.202525,39.299081,39.410857,39.533725,39.660069,39.787419,39.908959,40.035293,40.20156,40.45447,40.824754,41.319427,41.919585,42.596453,43.308345,44.019123,44.728565,45.429076,46.068811,46.583565,46.931015,47.08424,47.06306,46.930555,46.777925,46.671926,46.63414,46.647428,46.692858,46.736776
ESP,Spain,rgdpe,Expenditure-side real GDP at chained PPPs (in mil. 2017US$),107712.7734375,125744.8671875,131262.1875,126423.75,142991.28125,150494.734375,161719.84375,169285.71875,176618.671875,172686.734375,191600.640625,213251.21875,234037.21875,256582.6875,270125.3125,285650.71875,309556.625,327466.6875,350456.5,383831.75,400293.65625,421274.90625,457763.8125,492375.84375,504531,511491.25,536352.9375,559331.0625,582799.8125,593825.75,602525.8125,565128.0625,549339.4375,534813.3125,528418.8125,525050.875,562181.3125,605044.625,650909.4375,697466.75,743109,780749.5625,804328.6875,803870.4375,838909.375,886382.6875,918279.0625,987392.375,1068754.5,1112636.5,1169120.625,1209440.75,1256686.5,1286783.375,1352148,1442448.625,1591544.375,1710028.75,1737033.875,1679792.875,1660598.375,1648634,1627157.25,1606687.625,1609758.125,1705106.375,1779649,1853309.375,1898860.625,1932678.625
ESP,Spain,rgdpo,Output-side real GDP at chained PPPs (in mil. 2017US$),108286.5390625,127579.4453125,133807.109375,128874.875,145643.015625,153548.828125,164795.96875,171876.03125,179108.203125,174970.328125,195168.234375,218095.046875,239322.1875,262195.5,275742.875,291361.90625,313410.5625,328975.125,351810.46875,384544.3125,400203.59375,419289.25,453695.125,487830.8125,511476.875,514225.46875,538079.125,561171.4375,577867.125,585078.9375,606797.5,576843.875,558108.8125,546578.0625,537538.125,530387.4375,564509.0625,605318.75,648282.0625,690651,728396.125,762168.75,781061.75,791382.6875,825072.6875,868225.625,899520.0625,969856.625,1035463.875,1080920.5,1151572.75,1185868.75,1226799.625,1244541.375,1289801.625,1427946.25,1557340.625,1660385.5,1687736.75,1628010.25,1622292.375,1614883.5,1603927.75,1574605.5,1578475.5,1669676.25,1738080.25,1815914.875,1849504.75,1886595.25
EST,Estonia,pop,Population (in millions),,,,,,,,,,,,,,,,,,,,,,,,,,,,,,,,,,,,,,,,,1.565246,1.548219,1.520813,1.488061,1.457093,1.433024,1.417736,1.409673,1.406349,1.403789,1.399112,1.39173,1.382732,1.372909,1.363565,1.355648,1.349363,1.344296,1.340073,1.336135,1.332101,1.327709,1.323159,1.319062,1.316277,1.315325,1.31651,1.31939,1.32292,1.325648
EST,Estonia,rgdpe,Expenditure-side real GDP at chained PPPs (in mil. 2017US$),,,,,,,,,,,,,,,,,,,,,,,,,,,,,,,,,,,,,,,,,17759.97265625,18700.0703125,14564.0244140625,13975.505859375,13507.5673828125,14938.77734375,15713.5908203125,16534.240234375,16816.333984375,16735.62890625,18232.93359375,19109.80859375,20424.015625,22031.78515625,23785.50390625,26868.25,30189.552734375,34363.37890625,34698.3125,31391.69921875,33060.0703125,36962.33984375,38654.671875,39013.62109375,40133.91796875,40839.21484375,42521.7890625,45160.5546875,47044.890625,49209.03125
EST,Estonia,rgdpo,Output-side real GDP at chained PPPs (in mil. 2017US$),,,,,,,,,,,,,,,,,,,,,,,,,,,,,,,,,,,,,,,,,19404.123046875,19549.029296875,15346.1396484375,14608.9482421875,14098.3779296875,15416.9990234375,16587.37890625,16856.13671875,16649.70703125,16470.48046875,18203.150390625,19155.50390625,20390.423828125,21755.271484375,22754.521484375,27508.767578125,29743.650390625,33259.4765625,33808.23046875,30109.826171875,31773.455078125,35455.7734375,37414.0078125,37724.66796875,38474.625,37508.921875,38599.81640625,40876.81640625,42704.83203125,44876.34765625
FIN,Finland,pop,Population (in millions),4.01417332837253,4.05262353429945,4.09588037406552,4.14484482294186,4.19240743642019,4.24047043256103,4.28733212834036,4.32968751537092,4.36553458553833,4.4004806804346,4.43542629786651,4.46687162398275,4.49735103967319,4.5292590287665,4.55452692082981,4.56973511602644,4.58689470811395,4.61180211457594,4.6325546260674,4.62986697911394,4.612366,4.62938,4.651172,4.675456,4.698779,4.718749,4.734437,4.746932,4.758252,4.771345,4.788243,4.809813,4.8351,4.862178,4.888204,4.91122,4.930341,4.946373,4.961087,4.977115,4.996222,5.019125,5.044925,5.071789,5.097097,5.119005,5.136979,5.151746,5.164242,5.175926,5.187954,5.200477,5.213366,5.227093,5.24217,5.258927,5.277491,5.297739,5.319449,5.342262,5.365782,5.390038,5.41477,5.438982,5.461411,5.481122,5.497713,5.511371,5.522576,5.532156
FIN,Finland,rgdpe,Expenditure-side real GDP at chained PPPs (in mil. 2017US$),25811.234375,30727.287109375,31086.166015625,29932.150390625,33530.6875,36779.15625,37466.3359375,37273.125,37247.94140625,40121.19921875,44339.13671875,48878.30859375,49731.16015625,50848.4296875,53458.6015625,57136.0546875,58690.94921875,59971.98828125,62487.99609375,69175.984375,74985.53125,76177.3671875,81026.4453125,87140.4375,89771.9921875,89230.296875,89175.8359375,88149.59375,89843.6953125,97698.875,101768.21875,101656.09375,103272.5078125,104635.234375,107528.46875,108965.484375,113669.890625,118865.3046875,128560.0703125,136714.703125,136194.359375,123944.6640625,119028.96875,117687.1328125,125439.453125,137240.921875,139449.828125,154077.140625,169268.375,177246.421875,186055.46875,186969.140625,185306.3125,185790.8125,195382.90625,202128.703125,211385.734375,230932.015625,241510.046875,228332.296875,234672.078125,243427.859375,240563.078125,235942.046875,232326.765625,237412.921875,245351.484375,253666.09375,258308.609375,261017.34375
FIN,Finland,rgdpo,Output-side real GDP at chained PPPs (in mil. 2017US$),26417.30078125,29712.3671875,30395.44140625,30171.87890625,33443.75390625,36169.1953125,36821.09375,37139,37210.40234375,40042.9765625,44111.265625,48514.75,49507.00390625,50012.0625,51600.265625,54807.4140625,56494.75,58193.5234375,61352.08984375,67506.8203125,72684.34375,74131.609375,79124.9140625,84603.203125,87689.28125,85237.5546875,85164.7421875,85665.3515625,89029.0859375,96035.4140625,101927.25,103646.78125,104751.0234375,106291.3515625,109170.53125,110105.7109375,117056.2578125,122715.390625,132027.28125,137295.125,137362.796875,125706.765625,121092.5078125,120787.65625,128848.359375,144156.3125,144044.421875,156974.546875,169841.5,178332.8125,186505.8125,187857.640625,187059.53125,190640.140625,199610.734375,213170.40625,217650.234375,236703.1875,245778.21875,225346.1875,233241.90625,237577.96875,235399.5625,225320.1875,224687.3125,228346.40625,234079.3125,241547.703125,244091.6875,248551.546875
FRA,France,pop,Population (in millions),42.5499134699338,42.8943363021612,43.2163002613892,43.5279949076191,43.8547881162682,44.2513706598314,44.6911721225217,45.1864736864636,45.6884064015868,46.1636007270301,46.6193024457193,47.1637249205709,48.1251196790313,48.8359737410451,49.3943495017733,49.8395681225098,50.2930556398835,50.6887944963936,51.0730920402438,51.5092858818251,51.957738,52.371342,52.793138,53.207734,53.592233,53.93139,54.220022,54.467702,54.691851,54.917118,55.161527,55.430296,55.718933,56.02377,56.337666,56.654696,56.976123,57.302663,57.627105,57.940212,58.235697,58.512369,58.773365,59.022519,59.265653,59.508484,59.748767,59.988873,60.244337,60.535179,60.874357,61.269223,61.712083,62.182111,62.649664,63.092888,63.503047,63.884679,64.245428,64.598474,64.952503,65.310392,65.665818,66.007876,66.32139,66.596315,66.828164,67.022411,67.191027,67.351247
FRA,France,rgdpe,Expenditure-side real GDP at chained PPPs (in mil. 2017US$),325814.25,340745.46875,352123.90625,368956.28125,389500.40625,411099.71875,432224.9375,456653.21875,471060,487047.125,528044.25,554088.1875,590606.125,628363.0625,671762.75,703565.125,741323.75,778854.875,812868.8125,871884.9375,923051.75,978572,1034177.5625,1111650.75,1136920.75,1141212.375,1197934.125,1243073.5,1310636.875,1364233.625,1376370,1334463,1334384.25,1321127.625,1303934.5,1296068.25,1355866.375,1392626.25,1469952.75,1533447.75,1581529.625,1592352.75,1617568.5,1603544.125,1643756.5,1677481.625,1708607.125,1814682.125,1943271.875,2030947,2135621.25,2198350.5,2213269.5,2144512.5,2197558.25,2312443,2413424.25,2537276,2568201.25,2519388,2613960.75,2680534.25,2716635.75,2706556,2701232.75,2772463.25,2819433.25,2922007,2965537.75,3018884.75
FRA,France,rgdpo,Output-side real GDP at chained PPPs (in mil. 2017US$),324868.6875,342548.1875,352087.40625,366107.40625,386715.5625,407777.6875,428428.78125,452271.96875,466216.03125,479286.65625,519088.40625,544624,581668.375,618581.3125,659605.875,690574.625,728002.9375,764380.5625,797234.125,853973.25,905887.25,959781.25,1010713.75,1083912.875,1135803,1131990.125,1187701.5,1237459.25,1295256.25,1350101.5,1377955.5,1350791.625,1348468.625,1329259.5,1315406.5,1294101,1365869.875,1406153.625,1477762.25,1532214.375,1581094.75,1586835.25,1615930,1612599,1645412.25,1682645,1720381.5,1819024.125,1921072.875,2011288.125,2128715.25,2185648.25,2197271.75,2144133.75,2188098.25,2372596.75,2432615.5,2546277.75,2568574.25,2487517.5,2591608.5,2665867.25,2701083,2675257,2680612.5,2730343.75,2765765.25,2869816.5,2902140.75,2946958.25
GRC,Greece,pop,Population (in millions),,7.53401679443472,7.61958857731332,7.70220090912648,7.77739652487059,7.84846234622429,7.91297452685537,7.97722172409212,8.05300227658435,8.13678495172249,8.20501065850395,8.27461766170267,8.32406243549638,8.35499313901154,8.38534501355184,8.42466215960043,8.48704977478971,8.58832887121327,8.61229483388162,8.6438240991776,8.663571,8.716873,8.774514,8.840315,8.919244,9.014085,9.127049,9.254978,9.388728,9.515746,9.627002,9.719841,9.796829,9.860739,9.916482,9.968238,10.015119,10.057297,10.101352,10.155723,10.225992,10.315107,10.420236,10.533815,10.644949,10.745503,10.832141,10.906257,10.970121,11.0279,11.082104,11.134457,11.182305,11.218884,11.234992,11.224791,11.185228,11.120358,11.040309,10.959272,10.887637,10.829079,10.781125,10.7405,10.701456,10.65975,10.615185,10.56945,10.522246,10.473455
GRC,Greece,rgdpe,Expenditure-side real GDP at chained PPPs (in mil. 2017US$),,27866.439453125,27284.544921875,30582.951171875,31201.287109375,33540.5703125,36508.88671875,39206.93359375,41333.40234375,42845.265625,43583.5703125,49677.05078125,48991.15625,55401.79296875,59468.2734375,65921.3828125,71372.828125,75421.21875,80244.4765625,89619.8671875,97693.8359375,105198.3046875,115594.8515625,124461.40625,115193.6953125,120608.4921875,128672.2734375,132502.578125,142195.515625,145471.015625,146225.25,147638.046875,143356.265625,142656.265625,145004.078125,149934.3125,157058.453125,156567.140625,168838.859375,176958.328125,181332.359375,193430.4375,198890.5625,201528.140625,212694.46875,223337.640625,232633.46875,252283.125,269264.8125,274464.78125,281180.59375,293539.40625,308082.53125,319420.84375,340496.40625,338297.6875,369233.0625,379983.28125,390628.34375,380753.84375,347717.28125,314638.8125,299430.71875,294988.53125,294032.5625,294728.59375,290349.375,295748.25,297786.65625,302222.28125
GRC,Greece,rgdpo,Output-side real GDP at chained PPPs (in mil. 2017US$),,28382.45703125,27776.455078125,31562.30078125,32225.15625,34448.26171875,37509.41015625,40426.3046875,42421.1328125,44114.2578125,44976.6484375,51181.0078125,50332.3046875,56826.08203125,60928.234375,67527.59375,72821.421875,76522.28125,81596.9609375,90865.953125,99292.140625,107107.8671875,117832.921875,126495.140625,118751.2421875,125681.328125,133812.859375,136359.28125,146023.390625,149153.40625,151922.53125,152191.125,147360.828125,145494.203125,148956.21875,154543.28125,160981.109375,159643.96875,171204.875,179566.640625,181550.15625,192950.890625,196230.21875,200895.09375,211749.578125,219416.640625,226501.109375,247353.0625,261940.765625,267494.65625,281011.96875,291715.15625,303662.78125,305441.6875,319653.59375,326492.3125,351992.5,352220.4375,362663.5,350892.5,324407.4375,294014.78125,281534.375,281881.125,278412.3125,280679.0625,274068.90625,279853.40625,279920.59375,284893.625
IRL,Ireland,pop,Population (in millions),2.92115649030631,2.91750192969056,2.91044807298368,2.90567138268054,2.89527840273547,2.87493386713375,2.85434887517044,2.8375566533445,2.811235731184,2.80287452522674,2.79198958519878,2.77848313021408,2.79001774901371,2.80973517066361,2.82353755385871,2.83536786581853,2.84325497550861,2.85912744587524,2.87135217208211,2.88426724074644,2.908421,2.944088,2.986566,3.034319,3.085156,3.137176,3.189865,3.242768,3.294161,3.342005,3.384756,3.422018,3.453786,3.479458,3.49853,3.510979,3.516422,3.515828,3.512185,3.509519,3.510885,3.51771,3.529853,3.546931,3.567912,3.592186,3.619641,3.651096,3.687819,3.731468,3.783103,3.842245,3.907998,3.980076,4.05813,4.141223,4.230623,4.324641,4.415872,4.494576,4.554321,4.591105,4.608198,4.615422,4.626844,4.652425,4.695779,4.753279,4.81869,4.882495
IRL,Ireland,rgdpe,Expenditure-side real GDP at chained PPPs (in mil. 2017US$),16315.0185546875,15847.853515625,16956.744140625,17826.904296875,18022.248046875,18308.0859375,18015.076171875,17944.263671875,17944.876953125,18911.978515625,19725.814453125,20698.919921875,21316.13671875,22303.986328125,23373.365234375,23711.126953125,24323.130859375,25973.80859375,27782.6796875,29369.35546875,29828.33203125,31165.798828125,34152.22265625,36753.8515625,34886.953125,36229.12109375,38296.3671875,41804.5078125,46228.296875,47991.859375,48691.7109375,49208.90625,50535.80859375,50555.9375,51632.36328125,52432.7578125,53904.81640625,56140.3046875,59272.97265625,64281.6015625,68907.8515625,69983.9375,72318.1484375,76302.0234375,81572.1875,92129.5,99822.8671875,112477.7734375,127163.40625,137736.265625,150186.8125,158361.75,167525.015625,172128.21875,181199.28125,195509.59375,216764.765625,236843.109375,222934.859375,208812.234375,216919.953125,223861.890625,234566.34375,233695.546875,251472.1875,351605.625,381200.375,409848.0625,435129.8125,499741.09375
IRL,Ireland,rgdpo,Output-side real GDP at chained PPPs (in mil. 2017US$),15888.3115234375,16082.861328125,16700.966796875,17078.025390625,17292.78515625,17703.337890625,17495.466796875,17412.7421875,17109.248046875,17810.45703125,18698.357421875,19557.767578125,20047.818359375,20977.1875,21611.76171875,21925.669921875,22281.962890625,23618.990234375,25439.865234375,26681.33984375,27086.568359375,28017.888671875,30187.345703125,31937.984375,32746.623046875,34330.62109375,35866.09765625,39447.48046875,43227.74609375,45533.5625,47606.5859375,48377.01171875,48912.79296875,47985.953125,49034.8984375,49128.5390625,52158.55078125,55766.421875,58078.17578125,61899.38671875,66850.1640625,67969.078125,72634.8828125,77008.671875,80825.2421875,92206.9140625,99518.7265625,111502.5625,122571.4296875,134600.015625,150364.546875,161672.5625,181303.34375,198060.453125,209840.546875,231393.453125,238354,260283.015625,248413.34375,237668.078125,241319.515625,246609.625,250748.765625,250350.484375,270237.5625,353539,381243.1875,412625.75,441620.21875,501053.59375
ITA,Italy,pop,Population (in millions),46.9802348748976,47.2924055734484,47.5397498039171,47.8299794119444,48.1710726300304,48.5041876156164,48.7914268131788,49.0517332935891,49.3449571166749,49.7000131927844,50.06464543065,50.3893827014219,50.7085348289844,51.0626930210357,51.4635297703321,51.8494030535233,52.1929920849236,52.5276022757421,52.8462560015605,53.1757832555072,53.518969,53.888874,54.258741,54.619237,54.957794,55.265284,55.537956,55.77788,55.988981,56.177851,56.349349,56.505478,56.644863,56.765251,56.863137,56.936774,56.983931,57.007741,57.018183,57.028703,57.048236,57.088113,57.145306,57.197613,57.213544,57.174408,57.065225,56.90364,56.74276,56.655632,56.692178,56.875147,57.182519,57.564588,57.948424,58.281212,58.542619,58.747861,58.922109,59.105625,59.325229,59.589076,59.879471,60.16683,60.40962,60.578494,60.66306,60.673701,60.627291,60.550075
ITA,Italy,rgdpe,Expenditure-side real GDP at chained PPPs (in mil. 2017US$),221477.296875,238753.40625,246044.78125,265633.25,278830.25,298002.40625,310005.03125,325040.8125,342346.5,365975.5,391328.1875,425801.34375,451229.90625,475129.40625,488326.40625,502069.84375,530192.1875,569270.625,605764.0625,644841.4375,735681.625,753440.125,793259.6875,846766.6875,883338.5,876477.125,956368.5,1009856.0625,1072730.625,1166578.625,1234958.125,1208398.75,1200351.875,1193038.125,1210418.375,1223674.625,1302662.75,1365535.125,1434666.875,1500289.75,1560881.5,1615016.25,1641884.625,1625990.75,1685848.375,1765118.5,1792813.75,1881417,1985354.875,2037002.625,2081385.625,2083284.375,2058837.875,2062502,2074924.125,2107878.75,2215327.25,2315284.75,2369615.25,2310528.75,2336120.25,2377386,2323769.5,2271616.5,2241735.25,2296760.75,2410574.75,2474220.75,2499061.5,2508404.5
ITA,Italy,rgdpo,Output-side real GDP at chained PPPs (in mil. 2017US$),213111.0625,232222.296875,239642.578125,256834.96875,267962.46875,286192.40625,297115.375,309659.5625,323375.28125,346656.0625,379633.0625,411400.09375,434536.09375,454516.90625,467301.90625,480474.125,507443,544073.25,579405.5625,614753.3125,697684.375,715245.25,751208.875,816292.8125,873768.875,863432.625,950277.0625,999901.8125,1059180,1156425.375,1236363.75,1216659,1197943.625,1184148.375,1199590.5,1210967.25,1292944.25,1358465.125,1418727,1477758.625,1541241.875,1588199.5,1617795.25,1614803.25,1667777,1748618.125,1782923.125,1856405.25,1942746.25,1997615,2046561.75,2047270.5,2019462.75,2028394.5,2040372.75,2123677.25,2202942.75,2307500.75,2359304.75,2266004,2293011,2351126.5,2301511,2246689.25,2232717.75,2241117,2351041.25,2436383.25,2458235.75,2466327.5
LTU,Lithuania,pop,Population (in millions),,,,,,,,,,,,,,,,,,,,,,,,,,,,,,,,,,,,,,,,,3.696035,3.697457,3.688106,3.670651,3.649143,3.626612,3.603756,3.57991,3.555141,3.529181,3.501839,3.473625,3.444763,3.414365,3.381131,3.344268,3.303335,3.25898,3.212865,3.167265,3.123816,3.083403,3.045561,3.008934,2.971497,2.93188,2.889557,2.845414,2.801264,2.759627
LTU,Lithuania,rgdpe,Expenditure-side real GDP at chained PPPs (in mil. 2017US$),,,,,,,,,,,,,,,,,,,,,,,,,,,,,,,,,,,,,,,,,53623.6875,46832.97265625,39345.12109375,33224.08203125,31859.310546875,33116.55078125,35307.875,37428.08203125,39388.02734375,39904.74609375,42346.78125,45120.34765625,47828.68359375,52604.75390625,54681.61328125,59013.1484375,63687.890625,71564.46875,75329.15625,65381.90234375,70425.234375,77625.7265625,82104.171875,84238.921875,85820.4453125,87529.2890625,90259.46875,95654.703125,98145.2890625,103480.1875
LTU,Lithuania,rgdpo,Output-side real GDP at chained PPPs (in mil. 2017US$),,,,,,,,,,,,,,,,,,,,,,,,,,,,,,,,,,,,,,,,,54314.09375,44808.5078125,38446.890625,35506.7734375,32460.2265625,34435.328125,35793.0703125,37318.3125,38528.21484375,39737.484375,42412.74609375,45366.3359375,46322.5234375,51015.4609375,51513.88671875,58152.4375,61805.03515625,67008.109375,70758.921875,60991.7109375,65531.7421875,72970.46875,77256.609375,77322.859375,79913.2734375,79636.4375,81158.296875,84886.65625,86619.15625,89642.1796875
LUX,Luxembourg,pop,Population (in millions),0.296017517558489,0.297858193181476,0.299698868804462,0.301539544427448,0.303380220050434,0.30522089567342,0.307061571296406,0.308902246919392,0.310742922542379,0.312583598165365,0.31442627345217,0.31730647580401,0.321217161628924,0.324572030449202,0.328227356219792,0.33198281441,0.334381306701441,0.335499924611216,0.336356168720434,0.337991565421771,0.339668,0.342226,0.345103,0.348173,0.351189,0.353983,0.356564,0.358968,0.361073,0.362789,0.364038,0.364781,0.365098,0.365305,0.365795,0.366884,0.368666,0.371078,0.374118,0.377706,0.381791,0.386352,0.391394,0.39681,0.402433,0.408149,0.413999,0.419974,0.425833,0.431262,0.436103,0.440198,0.443726,0.447322,0.451819,0.457842,0.46561,0.474915,0.485405,0.496527,0.507889,0.519307,0.530857,0.54256,0.554516,0.566741,0.579264,0.59191,0.604245,0.615729
LUX,Luxembourg,rgdpe,Expenditure-side real GDP at chained PPPs (in mil. 2017US$),3815.0751953125,4747.86181640625,5389.9697265625,4682.4111328125,4712.6572265625,5033.18310546875,5623.453125,5757.52001953125,5590.49462890625,5627.056640625,6533.78173828125,6475.65185546875,6287.37060546875,6429.09521484375,6958.0830078125,7103.150390625,7139.56591796875,7261.70166015625,7703.53759765625,8783.2734375,9411.630859375,9025.87890625,9640.90625,10974.8427734375,12146.060546875,10114.7099609375,10734.189453125,10452.396484375,11202.2119140625,11655.5400390625,12092.2626953125,11684.4912109375,11702.9375,11569.982421875,11792.630859375,11932.8134765625,13152.6826171875,13633.310546875,15136.6630859375,16807.951171875,17541.1640625,19108.080078125,19195.984375,20821.72265625,22028.642578125,22417.76171875,23324.72265625,24950.251953125,26505.30078125,30133.75,32184.439453125,31530.8046875,31994.33984375,32586.82421875,34364.94921875,37323.53515625,41587.4765625,44969.890625,46911.10546875,44036.2109375,47452.0703125,53246.6171875,53002.36328125,53457.296875,57356.64453125,60377.27734375,63159.6484375,65523.10546875,67496.328125,69541.328125
LUX,Luxembourg,rgdpo,Output-side real GDP at chained PPPs (in mil. 2017US$),4416.392578125,4687.52783203125,5150.31298828125,4635.298828125,4506.9404296875,4829.17236328125,5325.60107421875,5509.07470703125,5331.96484375,5338.99853515625,5806.6591796875,5792.3935546875,5682.2421875,5739.05078125,6206.47509765625,6305.240234375,6409.5,6670.36181640625,7024.86865234375,8005.04345703125,8027.51806640625,7745.1474609375,8317.7744140625,9272.1796875,9888.5703125,8540.19921875,9103.484375,9200.412109375,9721.5078125,10087.921875,10235.3486328125,9843.388671875,9852.201171875,9807.2421875,9687.154296875,9652.2744140625,11107.48828125,11431.8662109375,12640.0859375,14167.5751953125,14869.1357421875,16489.2265625,16743.228515625,17978.486328125,18977.58984375,19156.44140625,19537.939453125,21431.958984375,23261.697265625,26032.4375,29038.34375,27308.109375,26584.765625,25839.4453125,24008.029296875,30263.482421875,30170.251953125,32425.08203125,32211.30859375,30086.37109375,34426.83984375,34691.48046875,36499.7734375,35713.08203125,42431.20703125,46689.50390625,50115.65625,53625.59375,53538.56640625,55710.79296875
LVA,Latvia,pop,Population (in millions),,,,,,,,,,,,,,,,,,,,,,,,,,,,,,,,,,,,,,,,,2.664439,2.649162,2.620254,2.582661,2.543628,2.50848,2.478832,2.453307,2.430549,2.408092,2.384164,2.358693,2.33253,2.305848,2.278921,2.251993,2.225066,2.198089,2.171259,2.144785,2.118861,2.09361,2.069016,2.044957,2.021219,1.997674,1.974266,1.951097,1.928459,1.906743
LVA,Latvia,rgdpe,Expenditure-side real GDP at chained PPPs (in mil. 2017US$),,,,,,,,,,,,,,,,,,,,,,,,,,,,,,,,,,,,,,,,,44957.03515625,40905.44140625,29148.091796875,27098.1953125,23608.291015625,22478.69921875,22232.001953125,22871.107421875,24279.341796875,25374.654296875,26473.306640625,28121.724609375,29921.591796875,31011.953125,32879.46875,36356.23828125,39836.37890625,45889.375,48065.3515625,41253.4765625,41978.04296875,46126.44921875,47644.55078125,48275.40625,49121.54296875,51517.390625,53188.0078125,55545.39453125,58420.12109375,59915.99609375
LVA,Latvia,rgdpo,Output-side real GDP at chained PPPs (in mil. 2017US$),,,,,,,,,,,,,,,,,,,,,,,,,,,,,,,,,,,,,,,,,44794.59375,40214.61328125,28305.49609375,25110.62890625,24875.009765625,24087.66015625,24229.53515625,24748.51171875,25902.365234375,26721.65625,28260.009765625,30325.771484375,31348.435546875,31995.59765625,33193.8515625,37609.6796875,39778.3125,43205.10546875,45639.49609375,39659.46484375,40952.0234375,44953.77734375,46669.96484375,46382.71875,47728.140625,49375.71875,50344.99609375,52996.41015625,54939.5859375,56079.4453125
MLT,Malta,pop,Population (in millions),,,,,0.332181947194719,0.332181947194719,0.332181947194719,0.332181947194719,0.33112404290429,0.33112404290429,0.330066138613861,0.329008234323432,0.326892425742574,0.325834521452145,0.323718712871287,0.322660808580858,0.321602904290429,0.321602904290429,0.320545,0.320545,0.320545,0.320355,0.320436,0.320786,0.321437,0.322356,0.32358,0.325127,0.326982,0.329115,0.331497,0.334124,0.336965,0.339986,0.3431,0.34625,0.34943,0.352623,0.355799,0.358933,0.362015,0.365002,0.367891,0.370775,0.37375,0.376896,0.380253,0.38376,0.38729,0.390627,0.393645,0.396328,0.398718,0.400859,0.402817,0.404653,0.406328,0.407852,0.409491,0.411552,0.414253,0.417714,0.421809,0.426151,0.430197,0.433559,0.436097,0.437933,0.439248,0.440372
MLT,Malta,rgdpe,Expenditure-side real GDP at chained PPPs (in mil. 2017US$),,,,,568.248107910156,570.538940429688,630.947998046875,650.706115722656,697.724426269531,717.838989257813,761.692443847656,784.103637695313,763.380493164063,762.275512695313,774.713256835938,818.176208496094,903.084838867188,961.386901855469,1047.63830566406,1158.72973632813,1257.78857421875,1331.45910644531,1444.45263671875,1545.55749511719,1569.09130859375,2155.5185546875,2530.71215820313,2738.38232421875,3068.20971679688,3309.00219726563,3528.18115234375,3732.73852539063,3925.41943359375,3777.28637695313,3786.44677734375,3875.35302734375,4051.67333984375,4233.82177734375,4732.8896484375,5065.322265625,5354.54541015625,5732.4541015625,5883.5546875,6058.0791015625,6424.61865234375,6831.0732421875,7098.99951171875,7899.75634765625,8628.3408203125,9175.8837890625,9706.8212890625,9566.79296875,9931.1494140625,10333.669921875,10373.462890625,10737.7705078125,10993.4072265625,11780.6689453125,12089.8564453125,12056.673828125,12922.6416015625,13413.15234375,13859.5361328125,14323.53515625,15413.0361328125,17455.76171875,18556.48046875,19681.333984375,21249.953125,22352.87890625
MLT,Malta,rgdpo,Output-side real GDP at chained PPPs (in mil. 2017US$),,,,,301.816558837891,311.379974365234,394.161743164063,373.604156494141,447.998840332031,495.2529296875,283.03564453125,281.958679199219,398.664703369141,69.9088134765625,306.023529052734,682.188110351563,778.837829589844,850.830322265625,961.591735839844,1014.9228515625,1130.74475097656,1215.74084472656,1345.03039550781,1477.14196777344,1665.55200195313,2059.69677734375,2511.07177734375,2784.27758789063,3233.27880859375,3571.53881835938,3663.57641601563,4128.63623046875,4450.52001953125,4363.66455078125,4338.14013671875,4393.42919921875,4472.248046875,4548.83544921875,4966.05322265625,5391.4736328125,5463.126953125,5845.7265625,5809.478515625,6186.6513671875,6375.4794921875,6444.4130859375,6463.658203125,7461.0849609375,7807.6982421875,8214.3779296875,10049.6318359375,8969.427734375,9192.0712890625,9668.4580078125,9153.9794921875,10343.1357421875,10182.1162109375,10714.158203125,10701.2490234375,10661.5400390625,11165.517578125,11844.349609375,12173.044921875,11883.0732421875,12364.4169921875,14656.3896484375,14921.9306640625,15395.130859375,16995.53125,17134.908203125
NLD,Netherlands,pop,Population (in millions),10.0899418729007,10.2403737743771,10.3577760792502,10.4687132794446,10.5906245072128,10.7257704084291,10.8639561933023,11.0006691331361,11.1607867985019,11.3211756271986,11.4592139372778,11.6115706226784,11.778157198524,11.9380607875759,12.0988387594387,12.2633340475604,12.4257542226131,12.5674451503319,12.6950051384352,12.8429794438285,13.001943,13.147932,13.291873,13.431182,13.562438,13.683291,13.79311,13.892917,13.98406,14.068593,14.148415,14.223763,14.295217,14.365385,14.437506,14.513949,14.595755,14.682649,14.774038,14.868655,14.965448,15.064519,15.165862,15.268006,15.36912,15.467851,15.563255,15.655475,15.745647,15.835523,15.926188,16.018114,16.110355,16.200951,16.287182,16.367158,16.440097,16.506655,16.568104,16.626373,16.682917,16.738193,16.79184,16.843502,16.892523,16.938499,16.981295,17.021347,17.05956,17.09713
NLD,Netherlands,rgdpe,Expenditure-side real GDP at chained PPPs (in mil. 2017US$),84312.6796875,86890.2734375,95568.1796875,103242.765625,106643.015625,117883.84375,122721.4765625,125313.6875,127643.703125,134761.859375,143267.9375,148207.265625,156608.546875,163692.078125,176186.203125,189706.953125,196942.34375,209513.703125,227206.375,238693.125,252807,266224.34375,278409.4375,299651.3125,312284.8125,317205.375,333571.25,341404.59375,351502.53125,355142.46875,365959.5,357008.65625,347801.9375,347555.9375,356140.625,357372.78125,368865.25,370177.53125,386145.28125,406885.9375,427072.25,441057.53125,450066.0625,456603.375,474722.3125,494972.8125,517872.71875,561954.5,608917.4375,650311.875,691869.625,701080.75,704459.125,682830,697896.4375,730992.5625,774794.5625,825786.5,858415.6875,816601.875,826027.75,845937.75,851872.4375,849917.8125,827171.5,872643.75,876472.5625,918735.9375,939896.1875,958314.625
NLD,Netherlands,rgdpo,Output-side real GDP at chained PPPs (in mil. 2017US$),90883.765625,95223.671875,97526.09375,105369.78125,111579.6328125,120987.2265625,125751.4765625,130317.6796875,129923.0546875,137296.65625,150266.21875,153738.578125,160528.171875,161611.71875,179941.890625,187641.84375,190970.5625,201354.6875,214219.484375,233794.515625,248212.0625,261792.921875,272247.0625,293228.21875,311788.3125,316201.625,332508.71875,338536.25,347383.375,355308.625,370320.5,359787.3125,349887.90625,350788.6875,357579.75,349436,365316.875,369195.0625,383593.65625,400006.3125,425511.375,438812.4375,445357.1875,459641.6875,473037.8125,497378.5,518346.09375,555263.8125,573985,618933.4375,678720.5625,687793.6875,690538.8125,691591.0625,705130.9375,801049.3125,822049.5625,879112.4375,915336.4375,838617.9375,843381.4375,863495.0625,884191.5625,925619.125,882311.5,875122.75,873445.8125,923126.375,936939.1875,950077.9375
PRT,Portugal,pop,Population (in millions),8.07601568330404,8.12145206046988,8.15569696906564,8.20629941132053,8.25714086276726,8.31501301589883,8.37565840545468,8.43463073066772,8.50245095722258,8.57227995568739,8.64416607524982,8.6389051362831,8.62800011384367,8.68711566212205,8.72623927742736,8.73231303009607,8.71313391082499,8.70758561347878,8.71911278961602,8.70203822838139,8.65134,8.699997,8.789102,8.907926,9.039975,9.172241,9.302298,9.431043,9.552604,9.660746,9.750964,9.820872,9.870823,9.902997,9.921241,9.929184,9.926416,9.914066,9.899198,9.890822,9.895364,9.916049,9.951303,9.99664,10.045044,10.091325,10.13402,10.174563,10.214052,10.25449,10.297112,10.341454,10.385987,10.429612,10.470921,10.508495,10.54283,10.573143,10.595314,10.604056,10.596058,10.56938,10.526308,10.473021,10.418218,10.368351,10.325538,10.288527,10.256193,10.226187
PRT,Portugal,rgdpe,Expenditure-side real GDP at chained PPPs (in mil. 2017US$),23896.4375,26306.451171875,27230.55859375,29012.892578125,30576.775390625,31601.705078125,33228.109375,34375.44140625,34656.30859375,36757.44921875,39283.24609375,41558.13671875,44734.08203125,47617.83984375,48960.640625,52127.46875,53371.37109375,57012.859375,66595.8515625,69456.921875,73309.0703125,79112.1640625,85903.3125,95183.1640625,94276.15625,88650.0390625,93657.96875,98697.3984375,101702.1328125,105939.6328125,108340.59375,105625.1171875,106631.7734375,104981.2265625,101371.265625,104876.5859375,115998.3046875,124839.015625,135883.453125,145654.53125,157535.140625,165661.3125,174350.34375,175537.171875,187676.96875,197690.78125,204734.65625,220693.28125,236538.609375,251222.21875,259576.953125,261453.34375,264505,266508.875,273012.8125,285299.9375,301678.34375,312492.625,316198.375,314184.59375,323258.71875,313628.03125,307454.4375,303714.78125,302671.78125,314019.625,323220.96875,332017.5,341520.65625,350395.375
PRT,Portugal,rgdpo,Output-side real GDP at chained PPPs (in mil. 2017US$),24053.720703125,26822.4296875,27907.455078125,29308.798828125,30559.673828125,31706.333984375,33129.953125,34565.49609375,34875.9375,36859.27734375,39560.34375,41735.21875,44678.16015625,47272.7109375,49148.70703125,52577.29296875,53881.3125,57980.86328125,65856.6484375,67842.5546875,72843.5,78347.0859375,84561.59375,93787.9375,95374.5078125,90463.3984375,95983.0859375,101337.3515625,103816.5859375,109004.3359375,113197.4921875,112232.4453125,112590.3984375,110011.375,105908.984375,107578.171875,118064.8359375,127506.6171875,137985.609375,147367.625,156697.390625,163826,169565.078125,174030.453125,185586.203125,193266.9375,198677.96875,215235.578125,226935.703125,241467.875,255502.140625,254420.453125,255110.796875,253838.9375,253878.703125,279745.78125,293115.375,299801.53125,299149.875,293305.1875,305685.21875,299812.5625,299026.875,289529.65625,289749.28125,297096.65625,304108.8125,313080.1875,317162.25,325160.03125
SVK,Slovakia,pop,Population (in millions),,,,,,,,,,,,,,,,,,,,,,,,,,,,,,,,,,,,,,,,,5.288454,5.309235,5.329033,5.347214,5.362896,5.37547,5.384788,5.391204,5.395254,5.397708,5.399211,5.399992,5.400122,5.399834,5.39938,5.398963,5.398673,5.398692,5.399371,5.401153,5.404294,5.408937,5.414889,5.421725,5.428803,5.435611,5.442003,5.4479,5.453014,5.457013
SVK,Slovakia,rgdpe,Expenditure-side real GDP at chained PPPs (in mil. 2017US$),,,,,,,,,,,,,,,,,,,,,,,,,,,,,,,,,,,,,,,,,99966.3515625,79604.34375,74434.84375,74895.625,78860.40625,82876.9921875,84281.9375,86832.65625,86905.4609375,84356.9453125,87956.34375,90859.5703125,94230.9140625,98590.359375,101956.4296875,108886.375,120560.6875,134200.859375,146113.28125,141506,154109.046875,156653.84375,160973.796875,159373.828125,163555.734375,170226.140625,164390.296875,167727.359375,172712.140625,176537.546875
SVK,Slovakia,rgdpo,Output-side real GDP at chained PPPs (in mil. 2017US$),,,,,,,,,,,,,,,,,,,,,,,,,,,,,,,,,,,,,,,,,104279.203125,82624.8046875,77273.2109375,78252.78125,80969.2734375,84714.7265625,89792.15625,92290.3515625,89860.4375,85683.1015625,89552.703125,94552.9140625,96160.2734375,96839.5,97362.34375,111117.8203125,118124.6015625,127734.1640625,141015.71875,133371.078125,146741.875,148675.609375,149614.1875,144107.6875,149792.734375,150161.828125,143673.125,144190.140625,146127.890625,149921.4375
SVN,Slovenia,pop,Population (in millions),,,,,,,,,,,,,,,,,,,,,,,,,,,,,,,,,,,,,,,,,2.006405,2.00777,2.005354,2.000556,1.995335,1.991131,1.988565,1.987455,1.987385,1.987632,1.987717,1.987461,1.987267,1.987862,1.990222,1.994976,2.00243,2.012118,2.023052,2.033804,2.043337,2.051287,2.057823,2.06311,2.067488,2.071199,2.07421,2.076394,2.077837,2.078654
SVN,Slovenia,rgdpe,Expenditure-side real GDP at chained PPPs (in mil. 2017US$),,,,,,,,,,,,,,,,,,,,,,,,,,,,,,,,,,,,,,,,,42714.70703125,37372.74609375,35293.76953125,37501.1953125,40071.28125,42577.41015625,44241.35546875,45276.62109375,45882.84765625,47458.32421875,48606.53125,49524.36328125,50862.09375,51921.92578125,55084.6015625,57497.03515625,60662.078125,64814.9296875,68194.703125,63371.24609375,64015.19921875,65971.0390625,65164.91015625,65603.1328125,66371.4609375,68875.1796875,71590.546875,76439.3125,80007.9453125,82556.5
SVN,Slovenia,rgdpo,Output-side real GDP at chained PPPs (in mil. 2017US$),,,,,,,,,,,,,,,,,,,,,,,,,,,,,,,,,,,,,,,,,40194.34765625,36638.71484375,34944.36328125,37690.125,39927.31640625,42178.796875,43670.6796875,44446.6171875,44095.8203125,45508.98046875,47351.51171875,47762.74609375,48673.30859375,49835.16015625,51786.13671875,56365.34375,56498.76953125,58627.26171875,64960.12109375,59698.89453125,60950.0546875,63455.94140625,62795.8125,62010.59765625,62827.609375,61784.9609375,63278.7265625,65603.0625,69825.75,70868.515625
